{
  "__type__": "cc.SpriteFrame",
  "content": {
    "name": "noughts",
    "atlas": "",
    "rect": {
      "x": 216,
      "y": 218,
      "width": 592,
      "height": 717
    },
    "offset": {
      "x": 0,
      "y": -64.5
    },
    "originalSize": {
      "width": 1024,
      "height": 1024
    },
    "rotated": false,
    "capInsets": [
      0,
      0,
      0,
      0
    ],
    "vertices": {
      "rawPosition": [
        -296,
        -358.5,
        0,
        296,
        -358.5,
        0,
        -296,
        358.5,
        0,
        296,
        358.5,
        0
      ],
      "indexes": [
        0,
        1,
        2,
        2,
        1,
        3
      ],
      "uv": [
        216,
        806,
        808,
        806,
        216,
        89,
        808,
        89
      ],
      "nuv": [
        0.2109375,
        0.0869140625,
        0.7890625,
        0.0869140625,
        0.2109375,
        0.787109375,
        0.7890625,
        0.787109375
      ],
      "minPos": {
        "x": -296,
        "y": -358.5,
        "z": 0
      },
      "maxPos": {
        "x": 296,
        "y": 358.5,
        "z": 0
      }
    },
    "texture": "23da1844-0d08-4452-87cc-f7a87e43856b@6c48a",
    "packable": true,
    "pixelsToUnit": 100,
    "pivot": {
      "x": 0.5,
      "y": 0.5
    },
    "meshType": 0
  }
}