{
  "__type__": "cc.SpriteFrame",
  "content": {
    "name": "crosses",
    "atlas": "",
    "rect": {
      "x": 168,
      "y": 147,
      "width": 688,
      "height": 788
    },
    "offset": {
      "x": 0,
      "y": -29
    },
    "originalSize": {
      "width": 1024,
      "height": 1024
    },
    "rotated": false,
    "capInsets": [
      0,
      0,
      0,
      0
    ],
    "vertices": {
      "rawPosition": [
        -344,
        -394,
        0,
        344,
        -394,
        0,
        -344,
        394,
        0,
        344,
        394,
        0
      ],
      "indexes": [
        0,
        1,
        2,
        2,
        1,
        3
      ],
      "uv": [
        168,
        877,
        856,
        877,
        168,
        89,
        856,
        89
      ],
      "nuv": [
        0.1640625,
        0.0869140625,
        0.8359375,
        0.0869140625,
        0.1640625,
        0.8564453125,
        0.8359375,
        0.8564453125
      ],
      "minPos": {
        "x": -344,
        "y": -394,
        "z": 0
      },
      "maxPos": {
        "x": 344,
        "y": 394,
        "z": 0
      }
    },
    "texture": "3fe97b77-f5de-43bd-99cb-5708e51d8261@6c48a",
    "packable": true,
    "pixelsToUnit": 100,
    "pivot": {
      "x": 0.5,
      "y": 0.5
    },
    "meshType": 0
  }
}