{
  "__type__": "cc.SpriteFrame",
  "content": {
    "name": "grid",
    "atlas": "",
    "rect": {
      "x": 80,
      "y": 95,
      "width": 864,
      "height": 840
    },
    "offset": {
      "x": 0,
      "y": -3
    },
    "originalSize": {
      "width": 1024,
      "height": 1024
    },
    "rotated": false,
    "capInsets": [
      0,
      0,
      0,
      0
    ],
    "vertices": {
      "rawPosition": [
        -432,
        -420,
        0,
        432,
        -420,
        0,
        -432,
        420,
        0,
        432,
        420,
        0
      ],
      "indexes": [
        0,
        1,
        2,
        2,
        1,
        3
      ],
      "uv": [
        80,
        929,
        944,
        929,
        80,
        89,
        944,
        89
      ],
      "nuv": [
        0.078125,
        0.0869140625,
        0.921875,
        0.0869140625,
        0.078125,
        0.9072265625,
        0.921875,
        0.9072265625
      ],
      "minPos": {
        "x": -432,
        "y": -420,
        "z": 0
      },
      "maxPos": {
        "x": 432,
        "y": 420,
        "z": 0
      }
    },
    "texture": "8e33c99f-b724-4f29-84df-11d2e8138d6f@6c48a",
    "packable": true,
    "pixelsToUnit": 100,
    "pivot": {
      "x": 0.5,
      "y": 0.5
    },
    "meshType": 0
  }
}