{
  "gizmos-infos": {
    "is2D": true,
    "is3DIcon": false,
    "iconSize": 2,
    "gridVisible": true,
    "gridColor": [
      166,
      166,
      166,
      255
    ],
    "transformToolName": "position",
    "pivot": "pivot",
    "coordinate": "local",
    "toolsVisibility3d": true
  },
  "__version__": "1.0.2",
  "builder": {},
  "snap-configs": {
    "position": {
      "x": 1,
      "y": 1,
      "z": 1
    },
    "rotation": 1,
    "scale": 1,
    "isPositionSnapEnabled": false,
    "isRotationSnapEnabled": false,
    "isScaleSnapEnabled": false
  },
  "rect-snap-configs": {
    "enableSnapping": true,
    "snapThreshold": 4
  },
  "float-window": {
    "position": {
      "cc": {
        "Camera": {
          "dock": false,
          "top": null,
          "bottom": 10,
          "left": null,
          "right": 10
        }
      }
    }
  },
  "camera-infos": {
    "bc7494a1-c735-4378-87f0-7bdc3c302ff5": {
      "position": {
        "x": 589.3979000386133,
        "y": 547.4594664437448,
        "z": 5000
      },
      "rotation": {
        "x": 0,
        "y": 0,
        "z": 0,
        "w": 1
      },
      "viewCenter": {
        "x": 0,
        "y": 0,
        "z": 0
      },
      "contentRect": {
        "x": -137.5102928153706,
        "y": -97.671554714166,
        "width": 960,
        "height": 852
      },
      "scale": 0.6603309808841554
    },
    "3e48d438-e40a-4f2a-89f6-98f3a2bddf12": {
      "position": {
        "x": 640,
        "y": 360.00000000000006,
        "z": 5000
      },
      "rotation": {
        "x": 0,
        "y": 0,
        "z": 0,
        "w": 1
      },
      "viewCenter": {
        "x": 0,
        "y": 0,
        "z": 0
      },
      "contentRect": {
        "x": 0,
        "y": 5.684341886080802e-14,
        "width": 677.6,
        "height": 381.15
      },
      "scale": 0.529375
    },
    "c8043bea-fa7e-4a4c-a85b-5f8dcc0a8c53": {
      "position": {
        "x": 640.3454895028215,
        "y": 610.383785450982,
        "z": 5000
      },
      "rotation": {
        "x": 0,
        "y": 0,
        "z": 0,
        "w": 1
      },
      "viewCenter": {
        "x": 0,
        "y": 0,
        "z": 0
      },
      "contentRect": {
        "x": 11.373656911347968,
        "y": 64.50782505147149,
        "width": 984,
        "height": 854
      },
      "scale": 0.7822289878592406
    }
  },
  "camera-uuids": [
    "bc7494a1-c735-4378-87f0-7bdc3c302ff5",
    "3e48d438-e40a-4f2a-89f6-98f3a2bddf12",
    "c8043bea-fa7e-4a4c-a85b-5f8dcc0a8c53"
  ],
  "camera": {
    "color": [
      48,
      48,
      48,
      255
    ],
    "fov": 45,
    "far": 10000,
    "near": 0.01,
    "wheelSpeed": 0.01,
    "wanderSpeed": 10,
    "enableAcceleration": true,
    "size": "__default_design__",
    "far2D": 10000,
    "near2D": 1,
    "wheelSpeed2D": 6,
    "iso": 0,
    "aperture": 19,
    "shutter": 7
  }
}
